,Product URL,Product Name,Product Price,Rating,Number of reviews
0,/Wesley-Milestone-Waterproof-Backpack-Business/dp/B084JGJ8PF,Wesley Milestone 2.0 Casual Waterproof Laptop Backpack/Office Bag/School Bag/College Bag/Business Bag/Travel Backpack (Dimensions:13x18 inches) (Compatible with 15.6 inch laptop) 30 L (Blue & black),499,4.3,"13,221 "
1,/American-Tourister-AMT-SCH-02/dp/B07CJCGM1M,American Tourister Fizz Large Size 32 Ltrs Casual Backpack (BLACK),"1,099",4.0,"56,348 "
2,/FUR-JADEN-Leatherette-Polypropylene-DUFF05/dp/B07M9BRCQ5,Fur Jaden Brown Textured Leatherette Stylish & Spacious Weekender Duffle Bag for Travel,799,4.3,"6,874 "
3,/Safari-Laptop-Backpack-Raincover-college/dp/B097JH4V5G,"Safari Omega 30L Laptop Backpack with Raincover, school bag for boys and girls, college bag, office bag, travel bag for men and women, Teal",699,3.9,155 
4,/Lenovo-15-6-Inches-Everyday-Backpack/dp/B08R7RPVJF,"Lenovo 15.6"" (39.62cm) Slim Everyday Backpack, Made in India, Compact, Water-resistant, Organized storage:Laptop sleeve,tablet pocket,front workstation,2-side pockets,Padded adjustable shoulder straps",449,4.3,"5,256 "
5,/Wesley-Spartan-Hiking-Raincover-Organiser/dp/B098QFF5TJ,Wesley Spartan Unisex Travel Hiking Laptop Bag fits Upto 17.3 inch with Raincover and Internal Organiser Backpack Rucksack College Bag,689,4.1,"1,951 "
6,/Half-Moon-Backpack-Luggage-Compartment/dp/B09VCLZ3K4,Half Moon Large 37L Laptop Bag Backpack for menं Women Boys and Girls Luggage Travel Bags with 17.3 inches Laptop Compartment & Rain Cover,689,3.9,"3,843 "
7,/Backpack-Small-Black-Water-Repellant/dp/B088XB5XY8,"Mi Step Out 12 L Mini Backpack (Small Size, Black, Water Repellant)",229,4.1,"10,270 "
8,/ADISA-BP010-Weight-Casual-Backpack/dp/B07MXL986B,ADISA 32 Ltrs Water Resistant Casual Travel Bagpack/College Backpack/School Office Bag for Men and Women,374,3.9,"4,291 "
9,/Number-Backpack-Compartment-Charging-Organizer/dp/B09VTDMRY7,"FUR JADEN Anti Theft Number Lock Backpack Bag with 15.6 Inch Laptop Compartment, USB Charging Port & Organizer Pocket for Men Women Boys Girls",699,4.1,"6,653 "
10,/ADISA-BP004-Weight-Casual-Backpack/dp/B07G3CG9FC,ADISA Laptop Backpack 31 Ltrs,349,4.0,"9,231 "
11,/Shalimar-Premium-Garbage-Medium-Rolls/dp/B07KT9Q54M,Shalimar Premium OXO - Biodegradable Garbage Bags (Medium) Size 19 x 21 Inches 4 Rolls 120 Bags Dustbin Bag/Trash Bag - Black Color,269,4.5,"18,724 "
12,/Wesley-Milestone-Waterproof-Backpack-Business/dp/B085S444JV,"Wesley Milestone 2.0 Casual Waterproof Laptop Backpack/Office Bag/School Bag/College Bag/Business Bag/Travel Backpack (Dimensions:13x18 inches) (Compatible with 15.6"" laptop) 30 L, Charcoal black",499,4.3,"13,221 "
13,/Safari-45L-21-OB-BLK/dp/B07BZ5VC4H,Safari Seek 45 Ltrs Overnighter Expandable Travel Laptop Backpack,"2,299",4.5,"7,727 "
14,/Impulse-Belux-Backpack-Resistant-Black/dp/B0CJHL12N9,Impulse Belux 45L Laptop Backpack/Office Bag/School Bag/College Bag/Business Bag/Travel Backpack Water Resistant Fits Up to 16 Inch Laptop with 1 Year Warranty,510,5.0,11 
15,/Half-Moon-Waterproof-Backpack-Students/dp/B085MHDJ93,"Half Moon 35L Water Resistant 15.6 inch Laptop Bag/ Backpack, Navy Blue | Office Bag for Men and Women with Padded Laptop Compartment | Rain Cover & Reflective Strips",549,3.9,"17,605 "
16,/Gear-Classic-Leather-Backpack-LBPCLSLTH0201/dp/B07G4F6XFH,Gear Classic 20L Small Faux Leather Water Resistant Anti Theft Laptop Bag/Office Backpack for Men/Women - Brown,798,4.4,"6,239 "
17,/Amazon-Brand-Presto-Oxo-Biodegradable-Garbage/dp/B0821PN8L4,"Amazon Brand - Presto! Oxo-Biodegradable Garbage Bags, Medium -(19 x 21 inches) - 30 bags/roll (Pack of 6, Black)",289,4.4,"35,896 "
18,/Weekender-Travel-Backpack-Organizer-Handles/dp/B0B34WJK3X,"FUR JADEN 40L Weekender Travel Laptop Backpack with Anti Theft Pocket, Organizer, 15.6 Inch Padded Laptop Sleeve and Dual Handles","1,099",4.3,"1,186 "
19,/Gear-Classic-Leather-Backpack-LBPCLSLTH0519/dp/B07G4JQX2F,Gear Classic 20L Small Faux Leather Water Resistant Anti Theft Laptop Bag/Backpack for Men/Women (Navy-Tan),"1,100",4.4,"6,797 "
20,/Step-Backpack-Small-Water-Repellant/dp/B088XG77KN,"Mi Step Out 12 L Mini Backpack (Small Size, Red, Water Repellant)",229,4.1,"10,270 "
21,/Number-Backpack-Compartment-Charging-Organizer/dp/B09VTCNN75,"FUR JADEN Anti Theft Number Lock Backpack Bag with 15.6 Inch Laptop Compartment, USB Charging Port & Organizer Pocket for Men Women Boys Girls",639,4.1,"6,653 "
22,/Lipton-Honey-Lemon-Green-Pieces/dp/B01HMQ4HLW,"Lipton Honey Lemon Green Tea Bags 100 pcs, All Natural Flavour, Zero Calories - Improves Metabolism & Reduces Waist",518,4.4,"28,147 "
23,/American-Tourister-BACKPACK-COMPARTMENT-ORGANIZER/dp/B0BTD4S4XF,American Tourister Valex 28 Ltrs Large Laptop Backpack with Bottle Pocket and Front Organizer- Black,"1,399",4.3,"1,342 "
24,/POLE-STAR-Polyester-Backpack-Compartment/dp/B07D6NXR2Q,"POLESTAR Amaze 15.6 inch 30 LTR Casual Laptop Backpack/Office Bag/School Bag/College Bag/Business Bag/Unisex Backpack, Water Resistant and Light Weight, 1 year Warranty",549,4.0,"6,169 "
25,/Genie-Ltrs-School-Backpack-CAMELLIA17SBPIN/dp/B07QHMKHWH,"Genie Camellia School Bag for Girls, 17 inch Backpack for Women, 3 compartments Water Resistant Stylish and Trendy College Backpacks for Girls",799,4.2,"3,735 "
26,/ADISA-Laptop-Backpack-Office-College/dp/B09TPX22NF,ADISA 15.6 inch laptop backpack office bag college travel back pack 32 Ltrs,399,3.9,"1,397 "
27,/HP-15-6-inch-Backpacks-Pass-Through-793A6AA/dp/B0BYDXVM5Q,HP 320 15.6-inch Backpacks/Trolley Pass-Through; Padded Back Panel; Padded air mesh Panel/Hand wash and air Dry/Padded Laptop Pocket/1 Year Limited Warranty (793A6AA),599,4.0,60 
28,/Arctic-Fox-Backpack-Charging-Laptop/dp/B089QBD333,Arctic Fox Slope Anti Theft 23 L Backpack with USB Charging Port 15 Inch Laptop Backpack (Marble Black),"1,299",4.5,"4,528 "
29,/Storite-Pack-Big-Underbed-Moisture/dp/B07B8K3RQK,"Storite 2 Pack Moisture Proof Nylon Large Size Underbed Storage Bag For Clothes (54 x 46 x 28 cm) - Black, Rectangular",699,4.4,"18,117 "
30,/Number-Backpack-Compartment-Charging-Organizer/dp/B09VTC876Z,"FUR JADEN Anti Theft Number Lock Backpack Bag with 15.6 Inch Laptop Compartment, USB Charging Port & Organizer Pocket for Men Women Boys Girls",739,4.1,"6,653 "
31,/ADISA-Casual-Backpack-College-BP046-NAV_Navy/dp/B0BX3QFVSM,ADISA 31 Ltrs Casual Backpack School College Bag Pack,349,3.9,351 
32,/American-Tourister-BACKPACK-COMPARTMENT-ORGANIZER/dp/B0BTD4FK9G,American Tourister Valex 28 Ltrs Large Laptop Backpack with Bottle Pocket and Front Organizer- Blue,999,4.2,921 
33,/ROZEN-partition-Collage-Backpack-SKYBLUE/dp/B0BRTFGG22,"ROZEN 47 Ltrs, 46 cms School Bag Class 5-12 Large 5 partition Laptop Collage Office Travel Backpack Unisex",697,4.1,344 
34,/Lunars-Comet-Resistant-Casual-Backpack/dp/B07WN833M7,Lunar's Comet 35L Water Resistant Travel Bagpack/College Backpack/School Bag/Office Bag/Business Backpack/Daypack for Men and Women with 1 Year Warranty,849,4.0,"13,849 "
35,/ADISA-Womens-Girls-Party-Crossbody/dp/B0B2WBJ2H8,ADISA Women's Girls Party Sling Bag Crossbody,289,4.0,690 
36,/Zipline-Nexa-Resistant-Bagpack-Backpack/dp/B08WQ668WJ,Zipline Unisex Casual Polyester 36 L Backpack School Bag Women Men Boys Girls Children Daypack College Bag Book School Sports Bag,843,3.6,"1,044 "
37,/Lenovo-Comfortable-Dedicated-Compartment-4X41C94115/dp/B09QCYXZ1H,"Lenovo 16-inch Value Lite Backpack, Comfortable, Padded Back Panel, Slim and Sleek, Dedicated Laptop Compartment, Padded Shoulder Straps for Optimal Comfort and Ergonomic Support (4X41C94115)",649,4.6,24 
38,/GOCART-LOGO-Backpack-Briefcase-Convertible/dp/B0822H451W,GOCART WITH G LOGO Laptop Backpack Casual Daypacks Briefcase Convertible Business Travel Rucksack with USB Charging Port Large College School Bookbag Computer Laptop Bag,"1,299",3.8,"1,505 "
39,/ADISA-Laptop-Backpack-Office-College/dp/B0BPVCBFM7,ADISA 32L large laptop backpack office bag college travel back pack with rain cover,449,3.8,436 
40,/TRAWOC-Backpack-Trekking-Rucksack-Warranty/dp/B0847PGZZM,TRAWOC 80L Travel Backpack for Outdoor Sport Camp Hiking Trekking Bag Camping Rucksack HK007 (PARENT) 1 Year Warranty,"2,246",4.4,"7,710 "
41,/SFANE-Duffel-Shoulder-Women-Compartment/dp/B07ZC77WTW,"SFANE Polyester 23 cms Navy Blue Gym Bag, Shoulder Bag, Sports Bag for Men & Women with Separate Shoes Compartment (Blue)",413,4.3,"3,160 "
42,/Lenovo-Carrying-15-6-Inch-Toploader-GX40Q17229/dp/B075Y6Y9H5,Lenovo 15.6-inch Casual Laptop Briefcase T210,799,4.2,"21,704 "
43,/NORTH-ZONE-Lightweight-Backpacks-Stylish/dp/B0BL3S5NC1,NORTH ZONE Lightweight school bags Backpacks for Boys Girls Stylish men and women Casual Travel Laptop Bag College office,540,4.0,"1,116 "
44,/Dell-Pro-Slim-Backpack-15/dp/B07PMQTB6T,"Dell Pro Slim Backpack 15 - PO1520PS - Fits Most laptops up to 38.1 cm (15 inches, Black)","1,599",4.3,499 
45,/Ezee-Garbage-Bag-inches-Pieces/dp/B06VX8YR6Q,Ezee Black Medium Garbage Bags 90 Pcs | 19 X 21 Inch | 30 Pcs x Pack of 3 | Dustbin Trash Bag,155,4.2,"28,690 "
46,/TRUE-HUMAN-Anti-Theft-backpack-charging/dp/B09QJ7ZF2Y,TRUE HUMAN EMPEROR® Anti-Theft backpack With USB charging Port Laptop bag/Office bag/college bag/travel bag with anti -theft back pocket (LEGEND),529,3.7,"2,764 "
47,/Resistant-Anti-Theft-Crossbody-Travelling-Hands-Free/dp/B084RPQ187,"Arctic Hunter Sling Bag for Men Stylish Chest Bag with Multip-pockets for 10.9 inch iPad Crossbody Bag Passport Bag with USB Port Water-resistant Anti-theft Side Bag for Men and Women,Black","1,849",4.2,268 
48,/Lenovo-Laptop-Backpack-15-6-Inch-GX40Q17225/dp/B075Y72PHZ,"Lenovo 15.6"" Casual Backpack B210",799,4.1,"19,989 "
49,/Essentials-Sleeve-Microsoft-Surface-Go/dp/B07LFWP97N,"Gizga Essentials Laptop Bag Sleeve Case Cover Pouch with Handle for 14.1 Inch Laptop for Men & Women, Padded Laptop Compartment, Premium Zipper Closure, Water Repellent Nylon Fabric, Grey",228,4.1,"2,071 "
50,/Shalimar-Premium-Garbage-Medium-Black/dp/B016DCB9OO,Shalimar Premium OXO - Biodegradable Garbage Bags 19 X 21 Inches (Medium) 180 Bags (6 Rolls) Dustbin Bag/Trash Bag - Black Color,406,4.5,"15,487 "
51,/Handcuffs-Multifunctional-Maternity-Backpack-Nursing/dp/B09413KB4K,Handcuffs Baby Diaper Bag Multifunctional Maternity Bags New Mom Dad Travel Backpack For Baby Care Nursing (Black),"1,186",4.2,555 
52,/Police-Polyester-laptop-casual-backpack/dp/B09CQ5T3LN,POLICE Backpack for Men Casual Laptop Bag Office/Travel/College 30 LTR Hedge Polyester - Black- Medium,"1,329",3.8,"1,336 "
53,/Killer-Backpack-Compartments-Polyester-Waterproof/dp/B07C9XHZT1,KILLER Louis 38L Large Laptop Backpack With 3 Compartments Polyester Trendy Waterproof Travel Backpack,"1,749",4.4,"9,469 "
54,/Puma-Carry-Unisex-Duffel-Bag/dp/B089T8PKSQ,Puma Unisex Duffle Bag IND,"1,049",4.0,403 
55,/Half-Moon-Laptop-Backpack-Polyester/dp/B09CMS3K2S,Half Moon 30L Water Resistant 15.6 inch Laptop Bag/Backpack for Men | School Bag for Boys Girls | Office Bag pack for Men/Office Back Packed for Women with Padded Laptop Compartment,459,3.6,112 
56,/Tetley-Green-Lemon-Honey-Bags/dp/B00MGFZGVK,"Tetley Green Tea, Lemon And Honey, 100 Tea Bags, 140 Grams",421,4.3,"51,894 "
57,/Impulse-IMP-linear-Resistant-Navy/dp/B0CJJ15CM7,Impulse IMP linear 45L Laptop Backpack/Office Bag/School Bag/College Bag/Business Bag/Travel Backpack Water Resistant Fits Up to 16 Inch Laptop with 1 Year Warranty,510,5.0,4 
58,/ZOUK-Printed-Handmade-Leather-handles/dp/B07NHYLTY7,ZOUK Black Floral Printed Handmade Vegan Leather Women's Office Bag for 15.6 inch Laptop with double handles - FloMotif,"1,549",4.3,"1,099 "
59,/BP1501-15-6-inch-Gaming-Laptop-Backpack/dp/B081RLHHCY,Asus ROG BP1501 39.62 cm (15.6-inch) Gaming Laptop Backpack (Black),"1,199",4.3,"1,032 "
60,/AmazonBasics-Vacuum-Compression-Storage-Medium/dp/B07RTJV6G4,"amazon basics Vacuum Compression Storage Bags with Hand Pump - Medium, 5-Pack",499,4.4,"7,808 "
61,/Killer-Backpack-Compartments-Polyester-Waterproof/dp/B07CDD6YS2,KILLER Louis 38L Large Laptop Backpack With 3 Compartments Polyester Trendy Waterproof Travel Backpack,"1,749",4.4,"9,469 "
62,/Safari-Laptop-Backpack-Compartments-Resistant/dp/B09B27CYC4,"Safari Snap 35 Ltrs Large Laptop Backpack With 3 Compartments, Water Resistant Fabric - Black (SNAP19CBBLK)",999,3.8,355 
63,/Arctic-Fox-Anti-Theft-Backpack-Charging/dp/B089QCNBWH,Arctic Fox Alarm Zipper System | Anti-Theft Backpack with USB Charging Port | 15.5 Inch Laptop Bag (Glitch Black),"1,899",4.3,398 
64,/Impulse-IMP-Backpack-Resistant-Navy/dp/B0CJHXH8M8,Impulse IMP Omega 45L Laptop Backpack/Office Bag/School Bag/College Bag/Business Bag/Travel Backpack Water Resistant Fits Up to 16 Inch Laptop with 1 Year Warranty,510,4.7,11 
65,/Half-Moon-Rucksack-Bags-Compartment/dp/B09S14TTG6,"Half Moon 40L Waterproof Laptop Bag | Rucksack Bags for Men/Trekking Bags for Men | With Laptop Compartment & Rain cover | For Trekking, Hiking, Travel Backpack for Men & Women",689,3.8,148 
66,/Amazon-Brand-Presto-Oxo-Biodegradable-Garbage/dp/B0821PYKVK,"Presto! Oxo-Biodegradable Garbage Bags, Large (24 x 32 inches) - 15 bags/roll (Pack of 6, Black, plastic)",299,4.3,"10,316 "
67,/Impulse-Diggy-Backpack-Resistant-Green/dp/B0CJHVCZZV,Impulse Diggy 35L Laptop Backpack/Office Bag/School Bag/College Bag/Business Bag/Travel Backpack Water Resistant Fits Up to 16 Inch Laptop with 1 Year Warranty,399,4.1,21 
68,/Amazon-Brand-Presto-Oxo-Biodegradable-Garbage/dp/B0821QGBDY,"Presto! Oxo-Biodegradable Garbage Bags, XL (30 x 37 inches) - 10 bags/roll (Pack of 6, Black, plastic)",389,4.3,"2,106 "
69,/AmazonBasics-Vacuum-Compression-Storage-Bags/dp/B07RSCPH4N,"amazon basics Vacuum Compression Storage Bags with Hand Pump - Large, 5-Pack",599,4.4,"11,737 "
70,/Half-Moon-Resistant-Backpack-Compartment/dp/B0BHX7GY16,Half Moon Large 37L Laptop Bag Backpack for menं Women Boys and Girls Luggage Travel Bags with 17.3 inches Laptop Compartment & Rain Cover,689,3.9,"3,843 "
71,/Fastrack-Womens-Sling-Bag-Black/dp/B07MGXR7LT,Fastrack Women's Sling Bag (Black),"1,345",4.0,80 
72,/WILDHORN-Backpack-Compartment-Business-Stitching/dp/B09QL81ZHB,"WildHorn 31L Laptop Backpack for Men/Women I Fits upto 15.6"" Laptop I Waterproof I Travel/Business/College Bookbags",599,4.1,"1,972 "
73,/Nivia-6853BKGR-Polyester-Black-Grey/dp/B07NLB6FRS,NIVIA Basic Duffle Polyester Bag/Gym Bags/Adjustable Shoulder Bag for Men/Duffle Gym Bags for Men/Fitness Bag/Carry Bags/Sports & Travel Bag/Sports Kit/Duffle Bags Travel,270,4.0,"4,173 "
74,/Half-Moon-Laptop-Bag-Compartment/dp/B0C1NZLF67,Half Moon Valex Unisex School Bag/ 15.6 inch Laptop Backpack/College Bagpack/Office Back Packed | Laptop Bag for Men Women | School Bags for Boys & Girls with Small Pockets & Laptop Compartment,549,3.7,163 
75,/Wildcraft-ltrs-Cms-backpack-204493566_black/dp/B07GNGG435,Wildcraft 18 ltrs (7 Cms) backpack(204493566_black),"2,095",4.1,189 
76,/ADISA-BP005-Weight-Casual-Backpack/dp/B07F3X45WZ,ADISA Light Weight Laptop Backpack 32 Ltrs,449,4.0,"6,216 "
77,/Aristocrat-Ltrs-Black-Rucksack-Duro/dp/B07VB76WL9,Aristocrat 45 Ltrs Black Rucksack,"1,350",4.1,359 
78,/Step-Backpack-Small-Water-Repellant/dp/B088X9M73T,"Mi Step Out 12 L Mini Backpack (Small Size, Sky Blue, Water Repellant)",229,4.1,"10,270 "
79,/Motherly-Diaper-Bags-Travel-Basic/dp/B07PKQ3WJZ,motherly Diaper Bags for Mom Travel Basic Edition (Navy Blue),"1,399",4.5,"2,688 "
80,/Red-Lemon-Ironlook-Briefcase-Anti-Theft/dp/B09ZYMT7V1,Red Lemon Bange Hard Ironlook Briefcase Laptop Bag Anti-Theft Hard Shell Unisex Laptop Backpack with USB Charging Backpack for Men and Women,"4,897",4.4,116 
81,/Dell-Essential-Backpack-15-ES1520P/dp/B07TTCXHRH,Dell Essential Backpack 15 (ES1520P),"1,035",4.0,"6,887 "
82,/AUXTER-BLACKY-Duffel-Emboss-Black/dp/B07F2H25NP,AUXTER Faux Leather 23 Cms Duffle Bag(AUX_GB_LE_Black -SE__0521_Black),429,4.3,"9,382 "
83,/FATMUG-Foldable-Luggage-Packing-Storage/dp/B07YFNXC3H,"FATMUG Polyester Foldable Duffle Travel Bag Luggage For Travel, Packing And Storage - Men And Women - (60 L, Black)","1,099",4.2,"1,530 "
84,/ADISA-Laptop-Backpack-College-z-Black/dp/B09TPY1G1W,ADISA 15.6 inch laptop backpack office bag college travel back pack 32 Ltrs,399,3.9,"1,397 "
85,/Amazon-Brand-Presto-Oxo-Biodegradable-Garbage/dp/B0821PKWBW,"Presto! Oxo-Biodegradable Garbage Bags, Small - 30 bags/roll (Pack of 6, plastic, Black)",259,4.3,"15,909 "
86,/HAMMONDS-FLYCATCHER-Laptop-Bag-Men/dp/B083M1QK32,HAMMONDS FLYCATCHER Laptop Bag for Men - Genuine Leather Messenger Shoulder Bag - Fits 14/15.6/16 Inch Laptops - Brown Office Bag - Multiple Pockets -Water Resistant -Executive Bag for Work and Travel,"4,716",4.4,590 
87,/Half-Moon-Resistant-Backpack-Compartment/dp/B0BJ32LQ6X,Half Moon Large 37L Laptop Bag Backpack for menं Women Boys and Girls Luggage Travel Bags with 17.3 inches Laptop Compartment & Rain Cover,689,3.9,"3,843 "
88,/Kleider-Travel-Business-Messenger-Shoulder/dp/B084ZHP97M,DEIN KLEIDER Men's Nylon Messenger Bag,346,4.0,"5,541 "
89,/Amazon-Brand-Presto-Oxo-Biodegradable-Garbage/dp/B08TD6BN7Y,"Presto! Oxo-Biodegradable Garbage Bags, Medium - 30 Bags/Roll (Pack of 3, Green, For Wet Waste, plastic)",209,4.3,"1,198 "
90,/Amazon-Basics-Casual-Backpack-15-6-inch/dp/B09W4WJ1CB,Amazon Basics 20 ltrs Casual/Travel/College Backpack for 15.6-inch Laptop | Water Resistant Fabric,359,4.0,419 
91,/LOOKMUSTER-Waterproof-Backpack-College-Business/dp/B0BZW8KW18,LOOKMUSTER (15.6 inch 30 L Casual Waterproof Laptop Backpack/Office Bag/School Bag/College Bag/Business Bag/Unisex Travel Backpack,429,3.5,144 
92,/Gear-Superior-Casual-Backpack-BKPSPRIOR0001/dp/B08GY2ZN96,Gear Superior 16L Small Water Resistant School Bag//Casual Backpack/ Daypack/College Bag for Men/Women - Black,299,3.9,385 
93,/Frantic-Cartoon-Velvet-Preschool-Nursery/dp/B09KY5541N,"Frantic Soft Cartoon Animal Velvet Plush School Backpack Bag For 2 To 5 Years Boys/Girls - Nursery, Preschool, Picnic",289,3.8,"6,064 "
94,/Bennett-Polyester-Drax-Ultrabook-Surfacepro/dp/B091NZ9MYB,Bennett Khadi and Polyester Drax Laptop Bag Sleeve Case Cover Pouch for 15/15.6 inches Laptop Apple/Dell/Lenovo/ASUS/Hp/Samsung/Mi/MacBook/Ultrabook/Thinkpad/Idea Pad/Surfacepro for Laptops (Blue),257,4.1,"4,345 "
95,/F-Gear-String-Polyester-33-cms-Black-Drawstring-Gym-Bag/dp/B07PC28YQ9,F Gear String 11 Ltrs Nylon Black Gym Bag,146,4.1,665 
96,/Safari-Polycarbonate-Midnight-Hardsided-RAY534WMBL/dp/B07WHLHXB9,"Safari RAY 53 Cms Small Cabin Polypropylene Hard Sided 4 Wheels 360 Degree Wheeling System Luggage/Suitcase/Trolley Bag, Midnight Blue","1,599",4.1,"4,333 "
97,/Swiss-Military-Travel-Backpack-Hardshell/dp/B0C3MG4MJG,"Swiss Military Hard Shell Travel Backpack UFO, Alien Series Dimond Cut ABS Hardshell upto 15.6 Inch Laptop","3,299",3.6,23 
98,/TRUE-EMPEROR-charging-college-CAPTAIN/dp/B0C6HZDWRQ,"TRUE HUMAN® EMPEROR 15.6 inch laptop bag with USB charging port Laptop bag,office bag, college bags anti theft (CAPTAIN)",529,3.7,39 
99,/Impulse-Diggy-Backpack-Business-Resistant/dp/B0CJHV6RTS,Impulse Diggy 35L Laptop Backpack/Office Bag/School Bag/College Bag/Business Bag/Travel Backpack Water Resistant Fits Up to 16 Inch Laptop with 1 Year Warranty,399,4.1,21 
100,/FLYNGO-Insulated-School-Tiffine-Storage/dp/B0CJR5Z3ZB,"FLYNGO Insulated Lunch Bag for Kids School, Men, Women Office, Travel Tiffine Pouch for Lunch Box, Heat&Cold Insulated Storage Bag (Blue Leaf)",245,4.7,22 
101,/Half-Moon-Resistant-Backpack-Compartment/dp/B0BYW5SH4L,Half Moon Vision Water Resistant 15.6 inch Laptop Bag for Men/Backpack for Men | Office Bag for Men/Office Bag for Women with Padded Laptop Compartment,459,4.3,17 
102,/Beco-Friendly-Biodegradable-Garbage-Dustbin/dp/B0C23JH4B4,Beco Eco Friendly Biodegradable OXO Garbage Bags for Dustbin | 90 Pcs | Medium 19 X 21 Inches | Pack of 3 | Green,165,3.8,369 
103,/TRAWOC-60LTravel-Backpack-Trekking-Rucksack/dp/B07YYG5G31,"TRAWOC 60 Liter Travel Backpack Hiking Trekking Bag Camping Rucksack, 1 Year Warranty, HK006","1,567",4.3,"1,444 "
104,/G-1-Medium-Disposable-Garbage-Dustbin/dp/B077RJ1YMW,G 1 Disposable Garbage / Dustbin Bags | Medium Size | Pack of 4 | 30 Bags/Pack | Black Color | 19X21 Inches (Plastic),208,4.2,"15,741 "
105,/Safari-Sheild-Resistant-Casual-Backpack/dp/B09B26T7KQ,Safari Sheild 26 Ltrs Water Resistant Casual Backpack - (SHEILD19CBBLK),604.63,3.9,"1,238 "
106,/Business-Casual-Compartment-Resistant-Backpack/dp/B08N6HSJJ5,URBAN WOLF 30L Casual Dual Compartment Water Resistant Laptop Backpack Unisex Bags for Office/Travel/Business/College/School (Black),749,3.9,"1,016 "
107,/Amazon-Brand-Presto-Oxo-Biodegradable-Garbage/dp/B08TDCGCPK,"Amazon Brand - Presto! Oxo-Biodegradable Garbage Bags, Small - 30 bags/roll (Pack of 3, Green, For Wet Waste)",189,4.3,635 
108,/Amazon-Basics-Laptop-College-Backpack/dp/B0C8NSJ4RD,"Amazon Basics Opel Laptop Bag/Office/College Backpack for 15.6 inch laptop(20 L, Grey)",499,4.1,8 
109,/Nivia-6853BKGR-Polyester-Black-Grey/dp/B07NLB6FRS,NIVIA Basic Duffle Polyester Bag/Gym Bags/Adjustable Shoulder Bag for Men/Duffle Gym Bags for Men/Fitness Bag/Carry Bags/Sports & Travel Bag/Sports Kit/Duffle Bags Travel,270,4.0,"4,173 "
110,/ADISA-Laptop-Backpack-Office-College/dp/B09TPVD964,ADISA 15.6 inch laptop backpack office bag college travel back pack 32 Ltrs,399,3.9,"1,397 "
111,/SPENZ-BAGS-Backpack-Raincover-Mahogany-Brown/dp/B0C3RN6QSC,"SPENZ BAGS Travel Laptop Backpack for Women & Men|Carry On Bag, College & School Students Bookbag With Raincover",829,3.9,244 
112,/Nivia-5227-Junior-Others-Orange/dp/B08D7QKCX5,Nivia Polyester Pulse Bag,229,3.6,57 
113,/Amazon-Brand-Presto-Oxo-Biodegradable-Garbage/dp/B08TDCGCPK,"Amazon Brand - Presto! Oxo-Biodegradable Garbage Bags, Small - 30 bags/roll (Pack of 3, Green, For Wet Waste)",189,4.3,635 
114,/Amazon-Basics-Laptop-College-Backpack/dp/B0C8NSJ4RD,"Amazon Basics Opel Laptop Bag/Office/College Backpack for 15.6 inch laptop(20 L, Grey)",499,4.1,8 
115,/SPENZ-BAGS-Backpack-Raincover-Mahogany-Brown/dp/B0C3RN6QSC,"SPENZ BAGS Travel Laptop Backpack for Women & Men|Carry On Bag, College & School Students Bookbag With Raincover",829,3.9,244 
116,/Ezee-Garbage-Bag-Pieces-Medium/dp/B06VX7PDXC,Ezee Black Large Garbage Bags 30 Pcs | 24 x 32 Inch | 15 Pcs x Pack of 2 | Dustbin Trash Bag,119,4.3,"10,340 "
117,/ADISA-Laptop-Backpack-Office-College/dp/B09TPVD964,ADISA 15.6 inch laptop backpack office bag college travel back pack 32 Ltrs,399,3.9,"1,397 "
118,/AmazonBasics-Vacuum-Compression-Storage-Bags/dp/B07RP7WHHY,"amazon basics PlasticVacuum Compression Storage Bags With Hand Pump - 6-Pack (2 Jumbo, 2 Large, 2 Medium)",749,4.4,"9,270 "
119,/Bagneeds-Synthetic-Leather-Briefcase-Messenger/dp/B0855F8174,Bagneeds Men's Black Synthetic Leather Briefcase Best Laptop Messenger Bag Satchel for Men,683,4.1,"4,785 "
120,/Business-Casual-Compartment-Resistant-Backpack/dp/B08N6HSJJ5,URBAN WOLF 30L Casual Dual Compartment Water Resistant Laptop Backpack Unisex Bags for Office/Travel/Business/College/School (Black),749,3.9,"1,016 "
121,/ANTILS%C2%AE-Water-Rubber-Relief-Therapy/dp/B08PFTYB2N,ANTIL'S® Hot Water Rubber Bottle bag for Pain Relief Therapy (Pack of 1) Multicolor,198,4.0,"4,517 "
122,/Half-Moon-College-Spacious-Multiple/dp/B0C23Z9W18,Half Moon Aztec 37L School Bag Class 5-12 | College Bagpack for Men/College Back pack for Women | 15.6 inch Laptop Bag for Men/Backpack for Men | Spacious & Multiple Pockets,529,3.5,353 
123,/Amazon-Basics-Messenger-Shoulder-MacBook/dp/B00DUGZFWY,"Amazon Basics Messenger Laptop Bag with Handle & Shoulder Strap fits upto 15.6"" Laptop / MacBook for Men & Women (Black)",729,4.2,"50,132 "
124,/Travel-Duffle-Weekend-Luggage-Sports/dp/B086PYLWS3,Fur Jaden 25L Travel Duffle Bag for Weekend Trip Cabin Luggage and Gym Sports Duffle for Men and Women,629,4.1,962 
125,/Kleeno-Cello-Clean-Garbage-Medium/dp/B09C284CTH,Kleeno by cello OXO - Biodegradable Garbage Bags Medium Size 48 cm x 53 cm 2 Pouch 30 Bags Dustbin Bag/Trash Bag,84,4.0,2 
126,/Corduroy-Reusable-Shopping-Washable-Shoulder/dp/B0BNX437F8,PALAY® Tote Bags For Women Bag Corduroy Large Capacity Reusable Shopping Bag Washable Shoulder Bags HandBags for School Work Shopping Travel Daily Use Grocery,488,4.3,100 
127,/Foldable-Laundry-Capacity-Quality-Combination/dp/B0BRFRVQMX,"GLUN® Round Shape Foldable Laundry Bag Capacity of 45 Ltr, Non Woven Toys and Cloth Bag, Grey and Black Combination Pack of 1",161,3.8,116 
128,/Amazon-Basics-Messenger-Shoulder-MacBook/dp/B00DUGZFWY,"Amazon Basics Messenger Laptop Bag with Handle & Shoulder Strap fits upto 15.6"" Laptop / MacBook for Men & Women (Black)",729,4.2,"50,132 "
129,/Half-Moon-College-Spacious-Multiple/dp/B0C23Z9W18,Half Moon Aztec 37L School Bag Class 5-12 | College Bagpack for Men/College Back pack for Women | 15.6 inch Laptop Bag for Men/Backpack for Men | Spacious & Multiple Pockets,529,3.5,353 
130,/Kleeno-Cello-Clean-Garbage-Medium/dp/B09C284CTH,Kleeno by cello OXO - Biodegradable Garbage Bags Medium Size 48 cm x 53 cm 2 Pouch 30 Bags Dustbin Bag/Trash Bag,84,4.0,2 
131,/Travel-Duffle-Weekend-Luggage-Sports/dp/B086PYLWS3,Fur Jaden 25L Travel Duffle Bag for Weekend Trip Cabin Luggage and Gym Sports Duffle for Men and Women,629,4.1,962 
132,/Foldable-Laundry-Capacity-Quality-Combination/dp/B0BRFRVQMX,"GLUN® Round Shape Foldable Laundry Bag Capacity of 45 Ltr, Non Woven Toys and Cloth Bag, Grey and Black Combination Pack of 1",161,3.8,116 
133,/Corduroy-Reusable-Shopping-Washable-Shoulder/dp/B0BNX437F8,PALAY® Tote Bags For Women Bag Corduroy Large Capacity Reusable Shopping Bag Washable Shoulder Bags HandBags for School Work Shopping Travel Daily Use Grocery,488,4.3,100 
134,/SFANE-Polyester-Shoulder-Separate-Compartment/dp/B08KG7J7L5,"SFANE Polyester Red Duffel Gym Bag, Shoulder Bag, Sports Bag for Men & Women with Separate Shoe Compartment (Black) (Red) Set Of 1",365,4.3,503 
135,/Skybags-Unisex-Polyester-Pattern-Hustle/dp/B07F342RQD,"Skybags Unisex Polyester Solid Pattern Hustle Df 55 (Orange, Small)","1,580",4.3,354 
136,/Zebronics-Compartment-Backpacks-15-6-inch-Black/dp/B0C6KZS555,"Zebronics Camp1, 14 Liters, 1 Compartment Laptop Backpacks Fit Up to 15.6-inch Laptop, Polyester Fabric, Office Use and Mini Business Travel Bags (Black)",398,3.7,30 
137,/LOOKMUSTER-Waterproof-Backpack-College-Business/dp/B0BS6YGKMC,LOOKMUSTER Casual Waterproof Laptop Backpack/Office Bag/School Bag/College Bag/Business Bag/Travel Backpack…,434,4.0,59 
138,/Stylbase-Trends-Polyester-Character-Embossed/dp/B0BNL2PBPH,"Stylbase 15 inches Kids 3D Cartoon Backpack - Lightweight, Waterproof, Adjustable Shoulder Straps, 3 Compartments, Bottle Holder - Perfect for School and Outdoor Adventures",551,4.0,212 
139,/DaisyStar-Fashion-Handbags-Shoulder-Beaver_Handbag_37/dp/B0C8BGFJQZ,DaisyStar Women Fashion Handbags Tote Purses Stylish Ladies Women and Girls Handbag for Office Bag Ladies Travel Shoulder Bag Tote for College Girls Handbag_Variation_10,379,4.3,20 
140,/Amazon-Basics-Laptop-Backpack-Repellent/dp/B09W43XLBY,"Amazon Basics Water Repellent and Wear Resistant Laptop Backpack - 24L, Blue",599,4.2,637 
141,/Travel-Duffle-Premium-Leatherette-Medium/dp/B086MZDG7H,Fur Jaden Tan Leatherette Gym Bag for Men Women Boys Girls Travel Duffle Weekender Bag 23L,479,4.3,"1,843 "
142,/Wildcraft-Music-Backpack-Green-11954/dp/B07N2SBX54,Wildcraft Unisex Zip Closure Backpack (Green_Free Size),"1,019",4.4,384 
143,/Zebronics-Compartment-Backpacks-15-6-inch-Black/dp/B0C6KZS555,"Zebronics Camp1, 14 Liters, 1 Compartment Laptop Backpacks Fit Up to 15.6-inch Laptop, Polyester Fabric, Office Use and Mini Business Travel Bags (Black)",398,3.7,30 
144,/LOOKMUSTER-Waterproof-Backpack-College-Business/dp/B0BS6YGKMC,LOOKMUSTER Casual Waterproof Laptop Backpack/Office Bag/School Bag/College Bag/Business Bag/Travel Backpack…,434,4.0,59 
145,/Lavie-Odiase-Womens-Satchel-Handbag/dp/B08SW9RJ75,Lavie Women's Odiase Medium Satchel Bag | Ladies Purse Handbag,"1,249",4.1,"2,400 "
146,/Amazon-Basics-Laptop-Backpack-Repellent/dp/B09W43XLBY,"Amazon Basics Water Repellent and Wear Resistant Laptop Backpack - 24L, Blue",599,4.2,637 
147,/Half-Moon-Backpack-Compartment-Reflective/dp/B0BLLJPBYM,"Half Moon Large 35 L Laptop College School & Travel Bag Backpack for Men Women Boys and Girls Spacy Luggage Bags with 17.3 inches Laptop Compartment, Reflective Strip & Rain Cover",689,3.5,41 
148,/Wildcraft-Music-Backpack-Green-11954/dp/B07N2SBX54,Wildcraft Unisex Zip Closure Backpack (Green_Free Size),"1,019",4.4,384 
149,/AUXTER-DELUXE-Casual-Backpack-Black/dp/B09HNP99YX,AUXTER DELUXE Casual School College office Travel Backpack - 18 Design,791,4.0,650 
150,/ASUS-VP4700-Backpack-Reflective-Suitable/dp/B0937G637K,"ASUS TUF Gaming VP4700 46.5 cm X 30.0 cm X13.0 cm Backpack (Black), with Roll-Up Design, Reflective Logo, Suitable for up to 46.5 cm Laptop","1,699",4.0,111 
151,/Wildcraft-Typo_Blk-Casual-Backpack-11619-Typo_Blk/dp/B079MBFH5V,Wildcraft 35 ltrs (19 Cms) Casual Backpack(11619-Typo_Blk_Black),"1,495",4.2,413 
152,/Amazon-Basics-Laptop-College-Backpack/dp/B0C8NX7HTX,"Amazon Basics Opel Laptop Bag/Office/College Backpack for 15.6 inch laptop(20 L, Black)",509,3.9,157 
153,/Gear-DOUBLE-Resistant-Backpack-Navy-Tan/dp/B0BTJ2T26W,Gear Double Decker 31L Large Water Resistant Faux Leather Anti-Theft Laptop Bag/Backpack/Office Bag for Men/Women (Navy-Tan),985,3.6,46 
154,/Tabelito%C2%AE-Basic-Laptop-Sleeve-Surfacepro/dp/B09NDTW8SP,Tabelito® Basic Laptop Bag Laptop Cover Laptop Bags Laptop Sleeve Office Bag Laptop Bag 15.6 inch(39.6cm) Laptop Apple/Lenovo/Asus/Hp/MacBook/Thinkpad/Ideapad (Grey),257,4.1,"2,557 "
155,/Half-Moon-Curiosity-Backpack-Resistant/dp/B09S3ZK3N1,"Half Moon Curiosity 35L Water Resistant 15.6"" Laptop Bag for Men/Backpack for Men, Black | Office Bag for Men/Office Bag for Women with Padded Laptop Compartment | Rain Cover & Slim Durable Backpack",689,3.8,199 
156,/Casual-Backpack-Charging-Laptop-Compartment/dp/B07J46KLFP,"FUR JADEN 15.6 Inch Laptop Backpack 25 LTR Bag for School, College and Office with USB Charging Port",429,3.9,"10,503 "
157,/POLESTAR-Backpack-Compartment-Polyester-Warranty/dp/B0BMQ2HXYP,"POLESTAR Bold 42 L Bag for College, School, Office, Casual Multipurpose Backpack with 15.6"" Laptop Compartment, Water Resistant, Unisex Design, Stylish & Durable, 1 Year Warranty",729,3.8,"2,000 "
158,/Paarsv-Tamper-Courier-Without-Jacket/dp/B018E1O6LU,SECUREMENT® Tamper Proof Courier Bags with Pod Jacket documen pouch 10x 14 (100 Pcs),325,4.1,314 
159,/Casual-Backpack-Charging-Laptop-Compartment/dp/B07J46KLFP,"FUR JADEN 15.6 Inch Laptop Backpack 25 LTR Bag for School, College and Office with USB Charging Port",429,3.9,"10,503 "
160,/Paarsv-Tamper-Courier-Without-Jacket/dp/B018E1O6LU,SECUREMENT® Tamper Proof Courier Bags with Pod Jacket documen pouch 10x 14 (100 Pcs),325,4.1,314 
161,/Gear-DOUBLE-DECKER-Resistant-Backpack/dp/B0BTJ3WTMV,Gear Double Decker 31L Large Water Resistant Faux Leather Anti-Theft Laptop Bag/Backpack/Office Bag for Men/Women (Black),"1,095",3.9,46 
162,/Adjustable-Waterproof-Breathable-Anti-Shock-Compatible/dp/B0C58X3CRX,"Amazon Basics Classic Camera Shoulder Bag, Adjustable Strap, Waterproof material, Breathable Mesh, Anti-Shock, Compatible with Nikon, Canon and Sony Mirrorless Cameras",549,3.6,6 
163,/Mokobara-Briefcase-Resistant-Compartment-Messenger/dp/B0B6CTQDR8,"MOKOBARA The Briefcase - 15.6"" Blue Laptop Messenger Bag for Men & Women","5,499",4.4,346 
164,/HARISSONS-15-6-inch-Backpack-Organizers-Detachable/dp/B07MMZPB41,"HARISSONS Bags Vervo 15.6-inch Laptop/Travel/Casual Backpack for Men and Women with Rain Cover (Navy Blue, 40 Ltrs) | Quick Access Zippered Pocket, Detailed Organizers & a Detachable Key Chain Holder","2,560",4.4,"2,025 "
165,/Ezee-Garbage-Bags-48x54-Medium/dp/B074CW3JV4,"Ezee Garbage Bags - 48X54 Cm (6 Rolls, 180 Bags, Medium, Black, plastic)",269,4.2,"8,602 "
166,/POLESTAR-Backpack-Compartment-Polyester-Warranty/dp/B0BMQ2HXYP,"POLESTAR Bold 42 L Bag for College, School, Office, Casual Multipurpose Backpack with 15.6"" Laptop Compartment, Water Resistant, Unisex Design, Stylish & Durable, 1 Year Warranty",729,3.8,"2,000 "
167,/AirCase-C24-Messenger-Shoulder-Compartments/dp/B07Y3DB5YZ,"AirCase Office Sling Messenger Bag fits upto 14.1"" Laptop/Macbook, Detachable Shoulder Strap, Waterproof, Shockproof, Carry Handle with Spacious Pockets, For Men & Women, Blue",729,4.0,"1,750 "
168,/Skybags-Trooper-Polycarbonate-Hardsided-Luggage/dp/B09JYT5KDW,Skybags Trooper 55 Cms Small Cabin Polycarbonate Hard Sided 4 Spinner Wheels Luggage/Suitcase/Trolley Bag- Red and White,"2,699",4.2,"19,888 "
169,/Nivia-5177BK-Polyester-String-Black/dp/B071XM6PSM,Nivia String Bag Polyester Made for Men Waterproof/Drawstring Backpack (Black),156,4.1,"1,979 "
170,/Lunars-Travel-Laptop-Bag-compartments/dp/B08NHKF2G7,"Lunar's Unisex 50L Water Resistant Office/Travel/Business Laptop Backpack, Bag for up to 17.3 inch Laptop/MacBook with rain Cover and 2 Large compartments","1,199",4.0,"2,755 "
171,/FATMUG-Foldable-Luggage-Packing-Storage/dp/B07YFPF4QT,"FATMUG Foldable Duffel Luggage Bag for Travel, Packing and Storage - Men and Women - 45 L, Black",999,4.3,"1,781 "
172,/Arctic-Fox-Anti-Theft-Backpack-Charging/dp/B089Q9TM16,Arctic Fox Alarm Zipper System | Anti-Theft Backpack with USB Charging Port | 15.5 Inch Laptop Bag (Camo Black),"1,899",4.3,398 
173,/Artistix-Unisex-Travel-Backpack-Repellent/dp/B09B5DMGM1,"Artistix Avian Unisex Water Repellent Anti Theft Travel Backpack with USB Port (Black, 32 L)","1,989",4.5,"1,037 "
174,/COSMUS-Polyester-Black-School-Backpack/dp/B078MFYJ3M,COSMUS Heavy Duty School Bag Norwich 33L waterproof Backpacks Bag With laptop compartment,"1,196",4.2,434 
175,/Safari-Polyester-Cms-Travel-KRYPTON17DFBLU_Blue/dp/B097L2RSF1,Safari Polyester 24 Cms Travel Bag(KRYPTON17DFBLU_Blue),449,3.7,109 
176,/Nivia-5177BK-Polyester-String-Black/dp/B071XM6PSM,Nivia String Bag Polyester Made for Men Waterproof/Drawstring Backpack (Black),156,4.1,"1,979 "
177,/Lunars-Travel-Laptop-Bag-compartments/dp/B08NHKF2G7,"Lunar's Unisex 50L Water Resistant Office/Travel/Business Laptop Backpack, Bag for up to 17.3 inch Laptop/MacBook with rain Cover and 2 Large compartments","1,199",4.0,"2,755 "
178,/Lify-Womens-Shoulder-Crossbody-Handbag/dp/B09JWKDG6R,Lify Women's Retro Large Size Canvas Shoulder Bag Hobo Crossbody Handbag Casual Tote - 1 Piece,320,3.8,"1,856 "
179,/Arctic-Fox-Anti-Theft-Backpack-Charging/dp/B089Q9TM16,Arctic Fox Alarm Zipper System | Anti-Theft Backpack with USB Charging Port | 15.5 Inch Laptop Bag (Camo Black),"1,899",4.3,398 
180,/Artistix-Unisex-Travel-Backpack-Repellent/dp/B09B5DMGM1,"Artistix Avian Unisex Water Repellent Anti Theft Travel Backpack with USB Port (Black, 32 L)","1,989",4.5,"1,037 "
181,/Skybags-Polycarbonate-Turquoise-Hardsided-MINT55TTRQ/dp/B078GR3YHR,Skybags Mint 55 cms Small Cabin Polycarbonate Hardsided 4 Spinner Wheels Luggage/Suitcase/Trolley Bag- Turquoise Blue,"2,619",4.3,"4,310 "
182,/Professional-Photographers-Waterproof-Lightweight-Accessories/dp/B0C58VVFQT,"Amazon Basics Camera Bag with Tripod Holder for Beginner and Professional Photographers, Waterproof Cover, Lightweight, Removable Dividers for All DSLR/SLR Cameras and Accessories",949,4.3,997 
183,/Heart-Home-Garbage-Dustbin-HS41HEARTHH24001/dp/B09DSKVLBG,Heart Home Small OXO-Biodegradable Waste Bags|30 Bags Roll|Leak Proof & Odour Free|Easy Disposal|Size 43 x 48 CM (Black)-HS41HEARTHH24001 (Plastic),59,3.9,325 
184,/Amazon-Brand-Reusable-Eco-Friendly-Multi-Purpose/dp/B08TTMMGYT,"Amazon Brand – Eono Reusable Tote Bags, 100% Organic Cotton Shopping/Grocery Bag, Multi-Purpose Bag, Sturdy Canvas Bag With 15kgs Capacity, Single Pack (Good Vibes)",179,3.8,"1,232 "
185,/Half-Moon-Hercules-Travelling-Compartment/dp/B0CJ3FDW3K,Half Moon Hercules 55L Travelling Laptop Bag/Rucksack Backpack for Luggage Travel Journey Trekking Hiking Bags for Men Women Boys and Girls with Laptop Compartment & Rain Cover (Black),689,5.0,4 
186,/Dyazo-Resistant-Photographers-Compatible-Panasonic/dp/B0BWWD1QQQ,Dyazo Water Resistant Camera Backpack with Extra Front Pocket Photographers Bag with Rain Cover Tripod Holder Compatible for Sony Nikon Canon Panasonic DSLR (Black & Orange),698,4.2,729 
187,/ADISA-Women-Girls-Flower-Crossbody/dp/B0BCZSKZLC,ADISA Women Girls Flower Print Sling Bag Round Crossbody Purse,389,4.0,346 
188,/ZaySoo-Stylish-Backpack-College-Business/dp/B0BVZL49N8,ZaySoo Stylish Casual Laptop Backpack/Office Bag/College Bag/Business Bag/Travel Backpack - Navyblue,307,5.0,2 
189,/Red-Lemon-Waterproof-Crossbody-charging/dp/B0B12WH5ND,Red Lemon BANGE Waterproof TPU Unisex Travel Crossbody Sling Bag Chest Pack with USB charging,"1,797",4.4,73 
190,/Zureni-OXO-Biodegradable-Drawstring-Anti-drip-Warehouse/dp/B0BTHC4F2T,"Zureni OXO-Biodegradable Garbage Dustbin Bags (Large, 60 x 81 cm) Drawstring Anti-drip Trash Waste Basket Bag for Kitchen Office Warehouse Pantry (Black, Green, Blue, 3 x 15 Pcs/Roll)",149,4.2,608 
191,/ZOUK-Handmade-Leather-Handles-Multicolor/dp/B09QRYDXJH,ZOUK Women Laptop Bag Royal Indian Peacock Motif,"1,529",4.4,180 
192,/ZaySoo-Stylish-Backpack-College-Business/dp/B0BVZL49N8,ZaySoo Stylish Casual Laptop Backpack/Office Bag/College Bag/Business Bag/Travel Backpack - Navyblue,307,5.0,2 
193,/COSMUS-Polyester-Black-School-Backpack/dp/B078MFYJ3M,COSMUS Heavy Duty School Bag Norwich 33L waterproof Backpacks Bag With laptop compartment,"1,196",4.2,434 
194,/Zureni-OXO-Biodegradable-Drawstring-Anti-drip-Warehouse/dp/B0BTHC4F2T,"Zureni OXO-Biodegradable Garbage Dustbin Bags (Large, 60 x 81 cm) Drawstring Anti-drip Trash Waste Basket Bag for Kitchen Office Warehouse Pantry (Black, Green, Blue, 3 x 15 Pcs/Roll)",149,4.2,608 
195,/Safari-Polyester-Cms-Travel-KRYPTON17DFBLU_Blue/dp/B097L2RSF1,Safari Polyester 24 Cms Travel Bag(KRYPTON17DFBLU_Blue),449,3.7,109 
196,/Lunars-Router-Resistant-Raincover-Organiser/dp/B08YR63B9M,"Lunar's 35 L Laptop Office/School/Travel/Business Backpack Water Proof - Fits Up to 15.6 Inch Laptop Notebook, With Raincover, Inside Organiser and 1 Year Warranty (All)",849,3.8,"1,161 "
197,/American-Tourister-Backpack-Organizer-Compatible/dp/B0C8649NY8,American Tourister Shaw Large Size Unisex Laptop Backpack with Organizer Pockets| Compatible with 17 inch Laptop - Teal,"1,049",3.2,19 
198,/Lify-Womens-Shoulder-Crossbody-Handbag/dp/B09JWKDG6R,Lify Women's Retro Large Size Canvas Shoulder Bag Hobo Crossbody Handbag Casual Tote - 1 Piece,320,3.8,"1,856 "
199,/Laptops-College-Backpack-Charging-Anti-Theft/dp/B0C6639P8P,Amazon Basics Laptop Bag for 15.6 Inch Laptops | College/Travel Backpack with USB Charging Port and Anti-Theft Pocket | 23 L,"1,009",4.4,138 
200,/Skybags-Polycarbonate-Turquoise-Hardsided-MINT55TTRQ/dp/B078GR3YHR,Skybags Mint 55 cms Small Cabin Polycarbonate Hardsided 4 Spinner Wheels Luggage/Suitcase/Trolley Bag- Turquoise Blue,"2,619",4.3,"4,310 "
201,/F-Gear-Milestone-Casual-Laptop-Backpack/dp/B08FX1R6WY,F Gear Milestone Olive Casual 20 Ltrs Laptop Backpack (3376),"1,155",4.0,855 
202,/Red-Lemon-Waterproof-Crossbody-charging/dp/B0B12WH5ND,Red Lemon BANGE Waterproof TPU Unisex Travel Crossbody Sling Bag Chest Pack with USB charging,"1,797",4.4,73 
203,/Tabelito-NEXA-Backpack-Business-Compartment/dp/B0C2D3YR7T,"Tabelito® NEXA 3O L Water Resistant Laptop/College/Office/School/Travel/Business Bag, Unisex Backpack for Men Women Fits Up to 15.6 Inch Laptop Notebook",349,4.0,176 
204,/BACKPACK-OUTDOOR-TREKKING-CAMPING-RUCKSACK/dp/B0BR3YZ5BV,LARGE 60L TRAVEL BACKPACK FOR OUTDOOR SPORT HIKING TREKKING BAG CAMPING RUCKSACK,499,3.8,119 
205,/Storite-Sling-Bag-Shoulder-25-5cmx7cmx20cm/dp/B09P3RQPCG,Storite Stylish Small PU Leather Sling Cross Body Travel Office Business Messenger One Side Shoulder Bag for Men Women (25.5 x7x20cm),749,4.0,285 
206,/DAHSHA-Sling-Messenger-Bag-Grey/dp/B09CGDFNBV,"DAHSHA Nylon Stylish Small 6 Multi-Pocket Zip Closure Sling Cross Body Travel Messenger One Side Shoulder Bag for Men & Women (Grey, 25 x 10 x 20 CM)",545,4.0,860 
207,/Amazon-Brand-Reusable-Eco-Friendly-Multi-Purpose/dp/B08TTMMGYT,"Amazon Brand – Eono Reusable Tote Bags, 100% Organic Cotton Shopping/Grocery Bag, Multi-Purpose Bag, Sturdy Canvas Bag With 15kgs Capacity, Single Pack (Good Vibes)",179,3.8,"1,232 "
208,/ADISA-laptop-backpack-office-college/dp/B0BVRJYD9Q,ADISA 32L large laptop backpack office bag college travel back pack with rain cover,563,3.8,70 
209,/Red-Lemon-Waterproof-Crossbody-charging/dp/B0B12WH5ND,Red Lemon BANGE Waterproof TPU Unisex Travel Crossbody Sling Bag Chest Pack with USB charging,"1,797",4.4,73 
210,/Amazon-Brand-Solimo-Underbed-Storage/dp/B084MS8LTW,Amazon Brand - Solimo Rectangular Rexine Jumbo Underbed Storage Bag with Zipper and Handle- 18.9 x 23.62 x 14.17 Inches (Black and White),339,4.2,"1,138 "
211,/Gear-LOGI-Q-Resistant-Backpack-Black-White/dp/B0BTJ2VV17,Gear LOGI-Q 27L Medium Water Resistant Anti-Theft Laptop Bag/Backpack/Office Bag with Trolley Sleevefor Men/Women (Black-White),645,4.7,7 
212,/Safari-Laptop-Backpack-Compartments-Resistant/dp/B09B27GN41,"Safari Snap 35 Ltrs Large Laptop Backpack With 3 Compartments, Water Resistant Fabric - Blue (SNAP19CBBLU)",899,3.8,624 
213,/Tabelito%C2%AE-Delta-Waterproof-Backpack-Compatible/dp/B0BLK1Z7DQ,"Tabelito® DELTA Casual Waterproof Laptop Backpack/Office Bag/School Bag/College Bag/Business Bag/Unisex Travel Backpack (Compatible with 15.6 inch Laptop) 30 L, (6 Month Warranty)",539,4.3,208 
214,/Storite-Sling-Bag-Shoulder-25-5cmx7cmx20cm/dp/B09P3RQPCG,Storite Stylish Small PU Leather Sling Cross Body Travel Office Business Messenger One Side Shoulder Bag for Men Women (25.5 x7x20cm),749,4.0,285 
215,/NIVIA-Polyester-Shoulder-Compartment-Accessories/dp/B07NJGW3WX,NIVIA Beast Gym Bag-4 Polyester/Unisex Gym Bags/Shoulder Bag for Men & Women with Separate Shoes Compartment/Carry Gym Accessories/Fitness Bag/Sports & Travel Bag/Sports Kit (Navy Blue),489,4.0,142 
216,/Kuber-Industries-Embroidered-Women-CTKTC8803/dp/B07SWD51BV,Kuber Industries Silk Embroidered Women Potli Bag (Cream) -CTKTC8803,265,3.8,108 
217,/Weekender-Premium-Leatherette-Attachable-Shoulder/dp/B09GPPJXFJ,Fur Jaden Weekender Travel Duffle Bag with Separate Shoe/Laundry Compartment for Men & Women Made of Vegan Leather,"1,479",4.2,651 
218,/AirCase-Premium-Waterproof-Neoprene-Warranty/dp/B07JBBKD5S,"AirCase Premium Laptop Bag with 6 Pockets fits Upto 15.6"" Laptop/MacBook, Wrinkle Free, Padded, Waterproof Light Neoprene case Cover Sleeve Pouch, for Men & Women,Ash- 6 Months Warranty",598,4.4,"4,266 "
219,/Lino-Perros-Womens-Lavender-Handbag/dp/B0CBQ41BYZ,Lino Perros Women Handbag,989,4.2,"1,462 "
220,/Dyazo-Resistant-Compatible-laptops-Notebooks/dp/B09BFV96TS,"Dyazo Water Resistant Laptop Sleeve with Handle Compatible for 15 Inch to 15.6"" Inches laptops & Notebooks - Grey",284,4.3,"5,203 "
221,/Martucci-Waterproof-Backpack-College-Business/dp/B0BRJRVH6D,Martucci Jersey 45L Casual Waterproof Laptop Backpack/Office Bag/School Bag/College Bag/Business Bag/Unisex Travel Backpack,765,3.8,273 
222,/Weekender-Premium-Leatherette-Attachable-Shoulder/dp/B09GPPJXFJ,Fur Jaden Weekender Travel Duffle Bag with Separate Shoe/Laundry Compartment for Men & Women Made of Vegan Leather,"1,479",4.2,651 
223,/DAHSHA-Bag-Business-Messenger-Shoulder/dp/B07GCLJTZF,DAHSHA Stylish Nylon Small Sling Cross Body Travel Bag for Business Office Messenger One Side Shoulder Carry Handbag Bag For Men & Women (35X18x25 CM-grey),695,3.9,474 
224,/Lino-Perros-Womens-Lavender-Handbag/dp/B0CBQ41BYZ,Lino Perros Women Handbag,989,4.2,"1,462 "
225,/Martucci-Waterproof-Backpack-College-Business/dp/B0BRJRVH6D,Martucci Jersey 45L Casual Waterproof Laptop Backpack/Office Bag/School Bag/College Bag/Business Bag/Unisex Travel Backpack,765,3.8,273 
226,/DZert-Polyester-Pink-School-Backpack/dp/B077VFZHLL,DZert School Bag Backpack 30 Liters for Boys/Girls Polyester Lightweight Bag (Pink),319,3.6,"1,972 "
227,/Bag-Charging-Reflective-College-Blue/dp/B0C4L2KX2W,"Amazon Basics Laptop Bag with USB Charging Port, Rain Cover and Reflective Strip for College, Office, Travel (Unisex, 35 L, Blue)",799,4.0,192 
228,/ADISA-SL5008-black-women-quilted/dp/B078JNB821,ADISA women girls quilted checks crossbody box sling bag with gold chain,289,4.0,"3,410 "
229,/Red-Lemon-Unisex-adult-Waterproof-Charging/dp/B09VGNTDRZ,Red Lemon Medium Size Unisex Adult Bange Series Rhombus Shell Design Waterproof Sling Bag With Usb Charging,"1,847",4.2,105 
230,/Mammon-Womens-Handbag-plain-tan-35x35/dp/B07LBC7Z59,Mammon Women's Tote Bag,199,3.6,"2,789 "
231,/Half-Moon-Backpack-Spacious-Multiple/dp/B0C6N3MYL2,Half Moon Aztec 37L School Bag Class 5-12 | College Bagpack for Men/College Back pack for Women | 15.6 inch Laptop Bag for Men/Backpack for Men | Spacious & Multiple Pockets,529,3.5,353 
232,/AirCase-C25-Messenger-Shoulder-Compartments/dp/B07X6DV3VM,"AirCase Office Messenger Sling Bag fits upto 15.6"" Laptop/Macbook, Detachable Shoulder Strap, Waterproof, Shockproof, Carry Handle with Spacious Pockets, For Men & Women, Blue- with Warranty",798,3.8,"1,379 "
233,/DZert-Polyester-Black-White-Backpack/dp/B07GXX2BP3,DZert Clasy Laptop Bag College Bag for Boys Girls 21 L Red Black,339,3.8,"2,612 "
234,/ADISA-laptop-backpack-office-college/dp/B0BXQD8DZX,ADISA Large laptop backpack office bag college travel back pack with USB,469,3.8,135 
235,/POLESTAR-backpack-Backpack-College-Students/dp/B08X2KR6T9,"POLESTAR Enzo 15.6 inch 35 LTR Casual Laptop Backpack/Office Bag/School Bag/College Bag/Business Bag/Unisex Backpack, Water Resistant and Light Weight, 1 year Warranty",619,4.1,"3,995 "
236,/Red-Lemon-Capacity-Backpack-Multifunctional/dp/B09RK4BRPM,"Red Lemon Swiss Cut Design 15.6 Inch Smart Laptop Backpack Bag With USB Charging Port, Anti Theft Pocket and Accessories Organiser for Men Women Boys Girls","1,599",4.3,"1,321 "
237,/Nautica-Leatherette-Comfortable-Travelling-Suitable/dp/B0BQMQQJK4,"Nautica Duffle Bag for Travel | Stylish Leatherette Luggage | Compact and Comfortable for Travelling | Suitable for Men's and Women's One Size (Black, 15 cms)","1,299",4.2,76 
238,/Mammon-Womens-Handbag-plain-tan-35x35/dp/B07LBC7Z59,Mammon Women's Tote Bag,199,3.6,"2,789 "
239,/AirCase-C25-Messenger-Shoulder-Compartments/dp/B07X6DV3VM,"AirCase Office Messenger Sling Bag fits upto 15.6"" Laptop/Macbook, Detachable Shoulder Strap, Waterproof, Shockproof, Carry Handle with Spacious Pockets, For Men & Women, Blue- with Warranty",798,3.8,"1,379 "
240,/Impulse-Diggy-Backpack-Resistant-Teal/dp/B0CJHHX1QC,Impulse Diggy 35L Laptop Backpack/Office Bag/School Bag/College Bag/Business Bag/Travel Backpack Water Resistant Fits Up to 16 Inch Laptop with 1 Year Warranty,399,4.1,21 
241,/amazon-basics-Backpack-Anti-Theft-Charging/dp/B0C8NT6GMJ,"amazon basics Laptop Bag/Office/College Backpack for 15.6 inch laptop, Anti-Theft Design, USB Charging Port (18 L)",719,4.6,175 
242,/Swiss-Military-Backpack-Pockets-LTB5A/dp/B0BHJ9WMZK,Swiss Military Laptop Soft Roller Case Cum Backpack | 23-Liter Trolley Bag with Rain Cover | Quick Access Pockets | Model: LTB5A,"3,299",3.7,42 
243,/BIGOWL-Storage-Reusable-Ziplock-Compression/dp/B08GLXK8MN,"5 Pack Smart Saver Vacuum Bags for Travel, Space Saver Bags (1 Large/2 Medium/2 Small) Compression Storage Bags for Clothes, Bedding, Pillows, Comforters, Blankets Storage Vacuum Sealer Bags for Clothes Storage, Vaccine Sealed Compression Airtight Reusable Packing Ziplock Bag with Travelling Hand Pump",677,4.2,"10,017 "
244,/Nautica-Leatherette-Comfortable-Travelling-Suitable/dp/B0BQMQQJK4,"Nautica Duffle Bag for Travel | Stylish Leatherette Luggage | Compact and Comfortable for Travelling | Suitable for Men's and Women's One Size (Black, 15 cms)","1,299",4.2,76 
245,/MOKOBARA-Aviator-Backpack-Water-Resistant-Luggage/dp/B0CH3K91HB,"MOKOBARA The Aviator Backpack, Water-Resistant 15"" Laptop Bag with Luggage Sleeve for Work, Travel, and Daily Use - Suitable for Men and Women","2,999",5.0,1 
246,/JD-Expandable-Waterproof-Sakura-Pink/dp/B0BRNP6M1D,"JD Fresh Nylon 41 Liter Expandable Travel Bags for Women, Duffle Bags for Women Luggage, Foldable Vanity Traveling Bag, Waterproof Hand Bag for Ladies Personal Items (Sakura Pink,41 x 22 x 26 CM cm)",731,3.9,426 
247,/Okami-Zenpack-Laptop-Messenger-Briefcase/dp/B0CH55DYPF,Okami Zenpack Cargo Laptop Messenger Bag X Briefcase - DUAL USB with type-C port for Fast-Charging (Osaka Blue),"2,399",5.0,1 
248,/Gear-Inspired-Moving-training-DUFINDAVMVG05/dp/B08DV7YZL6,Gear Inspired Alive Moving 33L Large Water Resistant Travel Duffle Bag/Gym Bag/Sports Duffle for Men/Women (Blue),399,4.3,"1,338 "
249,/Gear-Classic-Leather-Backpack-LBPCLSLTH0101/dp/B07G4D13LB,Gear Classic 20L Small Faux Leather Water Resistant Anti Theft Laptop Bag/Office Backpack for Men/Women-Black,799,4.4,"2,791 "
250,/Wildcraft-Ltrs-Black-Rucksack-8903338073840/dp/B01G5I8VDS,Wildcraft 45 Ltrs Black Rucksack (8903338073840) (Extra Large Size),"1,599",4.3,"1,095 "
251,/Martucci-Casual-Travelling-Laptop-Backpack/dp/B088B4P6ZW,Martucci 17 inch 30L Laptop Backpack for Men and Women Casual Waterproof Office Bag/School Bag/College Bag/Casual Bag/Unisex Travel Backpack with Reflective Strip(Black),519,3.9,"8,001 "
252,/HP-15-6-inch-Backpack-Pass-Through-793A7AA/dp/B0BYDWD4VL,HP 330 15.6-inch Laptop Backpack/Trolley Pass-Through; Padded Back Panel; Padded air mesh Panel/Hand wash and air Dry/1 Year Limited Warranty (793A7AA),799,4.3,8 
253,/Gear-Classic-Leather-Backpack-LBPCLSLTH0101/dp/B07G4D13LB,Gear Classic 20L Small Faux Leather Water Resistant Anti Theft Laptop Bag/Office Backpack for Men/Women-Black,799,4.4,"2,791 "
254,/Wildcraft-Ltrs-Black-Rucksack-8903338073840/dp/B01G5I8VDS,Wildcraft 45 Ltrs Black Rucksack (8903338073840) (Extra Large Size),"1,599",4.3,"1,095 "
255,/Martucci-Casual-Travelling-Laptop-Backpack/dp/B088B4P6ZW,Martucci 17 inch 30L Laptop Backpack for Men and Women Casual Waterproof Office Bag/School Bag/College Bag/Casual Bag/Unisex Travel Backpack with Reflective Strip(Black),519,3.9,"8,001 "
256,/HP-15-6-inch-Backpack-Pass-Through-793A7AA/dp/B0BYDWD4VL,HP 330 15.6-inch Laptop Backpack/Trolley Pass-Through; Padded Back Panel; Padded air mesh Panel/Hand wash and air Dry/1 Year Limited Warranty (793A7AA),799,4.3,8 
257,/Lavie-Sport-School-Backpack-BDEI322019M3/dp/B07VFNPD23,Lavie Sport Jarvis Backpack with Laptop Sleeve | Sturdy Backpack for Men & Women | College Bags for Girls & Boys,899,4.2,243 
258,/Stylbase-Spider-man-Polyester-Character-Embossed/dp/B0BNL2MJQQ,"Stylbase 15 inches Kids 3D Cartoon Backpack - Lightweight, Waterproof, Adjustable Shoulder Straps, 3 Compartments, Bottle Holder - Perfect for School and Outdoor Adventures",543,4.0,212 
259,/Lifelong-LLGB02-Adjustable-Shoulder-Accessories/dp/B0BW3QZBQH,"Lifelong LLGB02 Gym Bag|Unisex Gym Bags|Adjustable Shoulder Bag for Men|Duffle Gym Bags for Men|Carry Gym Accessories|Fitness Bag|Sports &Travel Bag|Gym kit Bag (Black, 6 Months Warranty)",379,3.4,73 
260,/Genie-compartments-Resistant-Lightweight-Travelling/dp/B0C85YCDR7,"Genie Swirl Laptop Backpack for Women, 3 compartments, Water Resistant and Lightweight Bags for Office and Travelling Purpose. 36 litres. (19 inch). Tie-dye print",899,3.8,15 
261,/ADISA-Women-Girls-Flower-Crossbody/dp/B0BCZSKZLC,ADISA Women Girls Flower Print Sling Bag Round Crossbody Purse,389,4.0,346 
262,/Hammonds-Flycatcher-Leather-Messenger-LB106BU/dp/B0851H1WS5,"HAMMONDS FLYCATCHER Genuine Leather Laptop Bag for Men - Office Bag, Royal Blue - Fits Up to 14/15.6/16 Inch Laptop/MacBook - Laptop Messenger Bags/Leather Bag for Men with Adjustable Shoulder Strap","2,365",4.3,"5,206 "
263,/Martucci-Waterproof-Backpack-College-Business/dp/B0B1HM2ZGX,Martucci 16 inch 36L Casual Waterproof Backpack/Office Bag/School Bag/College Bag/Business Bag/Unisex Travel Backpack,545,4.0,281 
264,/Backpack-Toddler-Animal-Cartoon-New-Blue-Penguin/dp/B089WG34QZ,Blue Tree Cute Kids Backpack Toddler Bag Plush Animal Cartoon Mini Travel Bag for Baby Girl Boy 1-6 Years (New-Blue-Penguin),266,3.8,325 
265,/Sirona-Sanitary-Napkin-Diapers-Disposal/dp/B01NAZVN8M,"Sirona Sanitary Disposal Bags | 75 Bags | Pad Disposable Bags for Discreet Disposal of Tampons, Condoms, Diaper, Sanitary Pads, Panty Liner & Personal Hygiene Waste (Green)",215,4.4,"3,308 "
266,/Safari-Polycarbonate-Printed-Hardsided-Luggage/dp/B08CRYJMQC,Safari RAY VOYAGE 53 Cms Small Cabin Polycarbonate (PC) Hard Sided 4 Wheels 360 Degree Wheeling System Printed Luggage/Suitcase/Trolley Bag (Blue),"2,299",3.9,"2,576 "
267,/HARISSONS-Backpack-Black-Grey-Repellent-Organizer/dp/B08LBLKYRY,"HARISSONS Speckle 36L Laptop Backpack for Men & Women | Ideal School Bag with Easy Access Pockets & Handy Pouch | Water Repellent 15.6"" Office Backpack with a Detailed Organizer","1,889",4.3,433 
268,/Mi-Business-Casual-Resistant-Backpack/dp/B07YY6PTMN,MI Business Casual 21L Water Resistant Laptop Backpack,749,4.4,"4,680 "
269,/ADISA-Women-Girls-Flower-Crossbody/dp/B0BCZSKZLC,ADISA Women Girls Flower Print Sling Bag Round Crossbody Purse,389,4.0,346 
270,/Hammonds-Flycatcher-Leather-Messenger-LB106BU/dp/B0851H1WS5,"HAMMONDS FLYCATCHER Genuine Leather Laptop Bag for Men - Office Bag, Royal Blue - Fits Up to 14/15.6/16 Inch Laptop/MacBook - Laptop Messenger Bags/Leather Bag for Men with Adjustable Shoulder Strap","2,365",4.3,"5,206 "
271,/Sirona-Sanitary-Napkin-Diapers-Disposal/dp/B01NAZVN8M,"Sirona Sanitary Disposal Bags | 75 Bags | Pad Disposable Bags for Discreet Disposal of Tampons, Condoms, Diaper, Sanitary Pads, Panty Liner & Personal Hygiene Waste (Green)",215,4.4,"3,308 "
272,/Safari-Polycarbonate-Printed-Hardsided-Luggage/dp/B08CRYJMQC,Safari RAY VOYAGE 53 Cms Small Cabin Polycarbonate (PC) Hard Sided 4 Wheels 360 Degree Wheeling System Printed Luggage/Suitcase/Trolley Bag (Blue),"2,299",3.9,"2,576 "
273,/HARISSONS-Backpack-Black-Grey-Repellent-Organizer/dp/B08LBLKYRY,"HARISSONS Speckle 36L Laptop Backpack for Men & Women | Ideal School Bag with Easy Access Pockets & Handy Pouch | Water Repellent 15.6"" Office Backpack with a Detailed Organizer","1,889",4.3,433 
274,/Mi-Business-Casual-Resistant-Backpack/dp/B07YY6PTMN,MI Business Casual 21L Water Resistant Laptop Backpack,749,4.4,"4,680 "
275,/uppercase-Backpack-2300EBP1-repellent-sustainable/dp/B0B69M182Q,"uppercase Medium 17 Ltrs Vegan Leather (upto 14 inch) Laptop Backpack 2300EBP1 3x more water resistant sustainable bags with rain proof zippers for Men, Women, Boys and Girls, 750 Days warranty","1,300",4.0,586 
276,/Wooum-Resistant-Material-Messenger-Compartment/dp/B09KV7Y3KL,Wooum Water Resistant Material Sling Bag/One Side Bag/Shoulder Bag/Messenger Bag/Office Messenger Bag/Travel Side Bag with 14.1 Inch Laptop Compartment -,459,3.9,322 
277,/Martucci-Waterproof-Backpack-College-Business/dp/B0B1HM2ZGX,Martucci 16 inch 36L Casual Waterproof Backpack/Office Bag/School Bag/College Bag/Business Bag/Unisex Travel Backpack,545,4.0,281 
278,/F-Gear-CEO-Black-Laptop-Backpack/dp/B01N0TG2DH,F Gear CEO Black 25 liter Laptop Backpack,904,4.4,727 
279,/Corduroy-Capacity-HandBags-Shoulder-Shopping/dp/B0BZYXT8Q7,"PALAY® Tote Bag Corduroy Solid Color Hand Bag for Women Shoulder Bag for Shopping, Commuting, Shopping Bag, Large Grocery Bag",499,4.5,8 
280,/Essentials-Laptop-Sleeve-13-3-Inch-Accessories/dp/B09RF47WDL,"Gizga Essentials Laptop Bag Sleeve Case Cover Pouch for 13.3 Inch Laptop for Men & Women, Padded Laptop Compartment, Free Accessories Pouch, Premium Zipper Closure, Water Repellent Nylon Fabric, Grey",298,4.1,116 
281,/Street27%C2%AE-Canvas-Corduroy-Tote-Multi-Purpose/dp/B0BQCBHJLP,"Street27® Korean Canvas Corduroy Tote Bag Casual Work Shoulder Handbags | Multi-Purpose Bag |Sturdy Canvas Bag with Large Capacity | Shopping Bag for Office, College & Daily Use",474,4.0,137 
282,/Caprese-Yondella-Womens-Sling-Peach/dp/B07B9FBW14,Caprese Yondella Women's Sling Bag,987,4.1,"1,322 "
283,/DARK-HORSE-Briefcase-Messenger-Compartment/dp/B0BJZF92F6,"DARK HORSE Laptop Bag Leather Briefcase 15.6 Inch Messenger Bag Satchel for Men, Padded Laptop Compartment 12 Liters , Water Resistant Shoulder Bag with Strap, Durable Office Bag, for Laptop",799,4.0,153 
284,/Genie-compartments-Resistant-Lightweight-Travelling/dp/B097JJ64SH,"Genie Fringe Laptop Backpack for Women, 3 compartments, Stylish and Trendy College Bags for Girls, Water Resistant and Lightweight Bags for Office and Travelling Purpose. 36 litres","1,124",4.3,24 
285,/Safari-Polycarbonate-Printed-Hardsided-Luggage/dp/B08CRYJMQC,Safari RAY VOYAGE 53 Cms Small Cabin Polycarbonate (PC) Hard Sided 4 Wheels 360 Degree Wheeling System Printed Luggage/Suitcase/Trolley Bag (Blue),"2,299",3.9,"2,576 "
286,/HARISSONS-Backpack-Black-Grey-Repellent-Organizer/dp/B08LBLKYRY,"HARISSONS Speckle 36L Laptop Backpack for Men & Women | Ideal School Bag with Easy Access Pockets & Handy Pouch | Water Repellent 15.6"" Office Backpack with a Detailed Organizer","1,889",4.3,433 
287,/Lunars-Small-Bag-Daily-Use/dp/B08N47VTFQ,Lunar's Small Bag for Daily Use - 1 Compartment Mini Backpack for Hiking Camping Rucksack (Black),339,4.0,585 
288,/Half-Moon-Waterproof-Laptop-Backpack/dp/B09SMX3S7R,Half Moon 30L Waterproof 15.6 inch Laptop Office School College Bag Backpack for Men Women Boys & Girls,469,3.6,400 
289,/Essentials-Laptop-Sleeve-14-1-Inch-Accessories/dp/B09RF6X2CY,"Gizga Essentials Laptop Bag Sleeve Case Cover with Handle for 14.1 Inch Laptop for Men & Women, Nylon Fabric with Accessories Pouch (Grey)",299,4.2,135 
290,/Wooum-Resistant-Material-Messenger-Compartment/dp/B09KV7Y3KL,Wooum Water Resistant Material Sling Bag/One Side Bag/Shoulder Bag/Messenger Bag/Office Messenger Bag/Travel Side Bag with 14.1 Inch Laptop Compartment -,459,3.9,322 
291,/Adjustable-Compartment-Lightweight-Water-Resistant-Travel-Friendly/dp/B0C3R7SN3Q,"Amazon Basics Laptop Messenger Bag with Adjustable Shoulder Strap, Padded Compartment & Storage Pockets, Lightweight, Water-Resistant, Travel-Friendly, Fits Up To 14.1"" Laptops (Unisex, Black & Grey)",649,3.9,"1,106 "
292,/Corduroy-Capacity-HandBags-Shoulder-Shopping/dp/B0BZYXT8Q7,"PALAY® Tote Bag Corduroy Solid Color Hand Bag for Women Shoulder Bag for Shopping, Commuting, Shopping Bag, Large Grocery Bag",499,4.5,8 
293,/INOVERA-Water-Resistance-Toiletries-Cosmetics-Organizer/dp/B0BPYCBPTT,INOVERA (LABEL) Faux Leather Water-Resistance Toiletries Cosmetics Makeup Storage Organizer Bag for Girls and Women< Rose Gols (Rose Gold),259,4.3,183 
294,/Street27%C2%AE-Canvas-Corduroy-Tote-Multi-Purpose/dp/B0BQCBHJLP,"Street27® Korean Canvas Corduroy Tote Bag Casual Work Shoulder Handbags | Multi-Purpose Bag |Sturdy Canvas Bag with Large Capacity | Shopping Bag for Office, College & Daily Use",474,4.0,137 
295,/Kuber-Industries-Biodegradable-Warehouse-Washroom/dp/B0C3QR3YJV,"Kuber Industries 30 Biodegradable Garbage Bags Small|Plastic Dustbin Bags|Trash Bags For Kitchen, Office, Warehouse, Pantry or Washroom 5 LTR (Black)",63,3.8,555 
296,/Genie-compartments-Resistant-Lightweight-Travelling/dp/B097JJ64SH,"Genie Fringe Laptop Backpack for Women, 3 compartments, Stylish and Trendy College Bags for Girls, Water Resistant and Lightweight Bags for Office and Travelling Purpose. 36 litres","1,124",4.3,24 
297,/MEDLER-Nylon-Expandable-Duffel-Trolley/dp/B07MWD4D4W,M MEDLER Epoch Nylon 55 litres Waterproof Strolley Duffle Bag- 2 Wheels - Luggage Bag - (Navy Blue),399,3.5,"26,264 "
298,/POLESTAR-Casual-bagpack-School-Backpack/dp/B07PQQ8M7B,"POLESTAR Noble 32 L Bag for College, School, Office, Casual Multipurpose Backpack with 15.6"" Laptop Compartment, Water Resistant, Unisex Design, Stylish & Durable, 1 Year Warranty",579,3.9,"17,858 "
299,/Lavie-Womens-Closure-Satchel-Handbag_Chocolate/dp/B07DJ9Q1NY,Lavie Women's Ficus Satchel Bag | Ladies Purse Handbag,"1,599",4.1,"4,607 "
300,/Skybags-CAMPUS-COLLEGE-LAPTOP-BACKPACK/dp/B084258ZD8,Skybags CAMPUS GREY LOGO PRINT COLLEGE LAPTOP BACKPACK 30L,"1,363",4.0,317 
301,/Gizga-Essentials-Organizer-Multi-Utility-Cosmetics/dp/B09WVRKYCJ,"Gizga Essentials Travel Toiletry Kit Bag for Men & Women, Travel Organizer Case with Handle & Hook, Premium Zipper, Multiple Pockets, Multi-Utility Pouch for Shaving Makeup Cosmetics, Light Grey",289,4.2,223 
302,/BROGBUS-Business-Messenger-Sling-10-05inch/dp/B09QLD9GJY,"BROGBUS pu Leather Men Bag Casual Business Messenger Bag for Cross body Bag Male Shoulder Bags PU Leather Sling Messenger Bag (Brown, L- 10.05inch H- 11.5inch W- 3inch)",999,4.0,753 
